status	path	bytes	kind	capture_ts	referenced_by	url
PRESENT	ads-scale/bg-banner-scale-btm-l.gif	54	gif	20061027124218	ads.css	http://images.habbohotel.com/web/web-1.0.1_b39/images/ads-scale/bg-banner-scale-btm-l.gif
PRESENT	ads-scale/bg-banner-scale-btm-r.gif	180	gif	20061027124218	ads.css	http://images.habbohotel.com/web/web-1.0.1_b39/images/ads-scale/bg-banner-scale-btm-r.gif
PRESENT	ads-scale/bg-banner-scale-l.gif	183	gif	20061027124218	ads.css	http://images.habbohotel.com/web/web-1.0.1_b39/images/ads-scale/bg-banner-scale-l.gif
PRESENT	ads-scale/bg-banner-scale-r.gif	4400	gif	20061027124218	ads.css	http://images.habbohotel.com/web/web-1.0.1_b39/images/ads-scale/bg-banner-scale-r.gif
PRESENT	ads-scale/bg-banner-top-l.gif	305	gif	20061027124218	ads.css	http://images.habbohotel.com/web/web-1.0.1_b39/images/ads-scale/bg-banner-top-l.gif
PRESENT	ads-scale/bg-banner-top-r.gif	1436	gif	20061027124218	ads.css	http://images.habbohotel.com/web/web-1.0.1_b39/images/ads-scale/bg-banner-top-r.gif
PRESENT	bg_patterns/habbo.gif	2555	gif	20061026230011	style.css	http://images.habbohotel.com/web/web-1.0.1_b39/images/bg_patterns/habbo.gif
MISSING	blank.gif	0	-	20061026230011	style.css	http://images.habbohotel.com/web/web-1.0.1_b39/images/blank.gif
MISSING	box-scale/dblue-bl.gif	0	-	20061111152513	boxes.css	http://images.habbohotel.com/web/web-1.0.1_b39/images/box-scale/dblue-bl.gif
MISSING	box-scale/dblue-br.gif	0	-	20061111152513	boxes.css	http://images.habbohotel.com/web/web-1.0.1_b39/images/box-scale/dblue-br.gif
MISSING	box-scale/dblue-tl.gif	0	-	20061111152513	boxes.css	http://images.habbohotel.com/web/web-1.0.1_b39/images/box-scale/dblue-tl.gif
MISSING	box-scale/dblue-tr.gif	0	-	20061111152513	boxes.css	http://images.habbohotel.com/web/web-1.0.1_b39/images/box-scale/dblue-tr.gif
PRESENT	box-scale/gold-content-l.gif	51	gif	20061111152513	boxes.css	http://images.habbohotel.com/web/web-1.0.1_b39/images/box-scale/gold-content-l.gif
PRESENT	box-scale/gold-content.gif	89	gif	20061111152513	boxes.css	http://images.habbohotel.com/web/web-1.0.1_b39/images/box-scale/gold-content.gif
PRESENT	box-scale/gold-top-l.gif	192	gif	20061111152513	boxes.css	http://images.habbohotel.com/web/web-1.0.1_b39/images/box-scale/gold-top-l.gif
PRESENT	box-scale/gold-top.gif	1199	gif	20061111152513	boxes.css	http://images.habbohotel.com/web/web-1.0.1_b39/images/box-scale/gold-top.gif
PRESENT	box-scale/third-navi-bl.gif	53	gif	20061026230011	style.css	http://images.habbohotel.com/web/web-1.0.1_b39/images/box-scale/third-navi-bl.gif
PRESENT	box-scale/third-navi-br.gif	103	gif	20061026230011	style.css	http://images.habbohotel.com/web/web-1.0.1_b39/images/box-scale/third-navi-br.gif
PRESENT	box-scale/third-navi-tl.gif	97	gif	20061026230011	style.css	http://images.habbohotel.com/web/web-1.0.1_b39/images/box-scale/third-navi-tl.gif
PRESENT	box-scale/third-navi-tr.gif	517	gif	20061026230011	style.css	http://images.habbohotel.com/web/web-1.0.1_b39/images/box-scale/third-navi-tr.gif
PRESENT	box-scale/white-bl.gif	184	gif	20061111152513	boxes.css	http://images.habbohotel.com/web/web-1.0.1_b39/images/box-scale/white-bl.gif
PRESENT	box-scale/white-br.gif	433	gif	20061111152513	boxes.css	http://images.habbohotel.com/web/web-1.0.1_b39/images/box-scale/white-br.gif
MISSING	box-scale/white-tl.gif	0	-	20061111152513	boxes.css	http://images.habbohotel.com/web/web-1.0.1_b39/images/box-scale/white-tl.gif
MISSING	box-scale/white-tr.gif	0	-	20061111152513	boxes.css	http://images.habbohotel.com/web/web-1.0.1_b39/images/box-scale/white-tr.gif
PRESENT	boxes-v2/blue-bl.gif	48	gif	20061111152513	boxes.css	http://images.habbohotel.com/web/web-1.0.1_b39/images/boxes-v2/blue-bl.gif
PRESENT	boxes-v2/blue-br.gif	108	gif	20061111152513	boxes.css	http://images.habbohotel.com/web/web-1.0.1_b39/images/boxes-v2/blue-br.gif
MISSING	boxes-v2/blue-darker-tl.gif	0	-	20061111152513	boxes.css	http://images.habbohotel.com/web/web-1.0.1_b39/images/boxes-v2/blue-darker-tl.gif
MISSING	boxes-v2/blue-darker-tr.gif	0	-	20061111152513	boxes.css	http://images.habbohotel.com/web/web-1.0.1_b39/images/boxes-v2/blue-darker-tr.gif
MISSING	boxes-v2/blue-darkest-tl.gif	0	-	20061111152513	boxes.css	http://images.habbohotel.com/web/web-1.0.1_b39/images/boxes-v2/blue-darkest-tl.gif
MISSING	boxes-v2/blue-darkest-tr.gif	0	-	20061111152513	boxes.css	http://images.habbohotel.com/web/web-1.0.1_b39/images/boxes-v2/blue-darkest-tr.gif
MISSING	boxes-v2/blue-light-tl.gif	0	-	20061111152513	boxes.css	http://images.habbohotel.com/web/web-1.0.1_b39/images/boxes-v2/blue-light-tl.gif
MISSING	boxes-v2/blue-light-tr.gif	0	-	20061111152513	boxes.css	http://images.habbohotel.com/web/web-1.0.1_b39/images/boxes-v2/blue-light-tr.gif
PRESENT	boxes-v2/darker-bl.gif	51	gif	20061111152513	boxes.css	http://images.habbohotel.com/web/web-1.0.1_b39/images/boxes-v2/darker-bl.gif
MISSING	boxes-v2/darker-br.gif	0	-	20061111152513	boxes.css	http://images.habbohotel.com/web/web-1.0.1_b39/images/boxes-v2/darker-br.gif
MISSING	boxes-v2/darkest-bl.gif	0	-	20061111152513	boxes.css	http://images.habbohotel.com/web/web-1.0.1_b39/images/boxes-v2/darkest-bl.gif
MISSING	boxes-v2/darkest-br.gif	0	-	20061111152513	boxes.css	http://images.habbohotel.com/web/web-1.0.1_b39/images/boxes-v2/darkest-br.gif
PRESENT	boxes-v2/green-bl.gif	48	gif	20061111152513	boxes.css	http://images.habbohotel.com/web/web-1.0.1_b39/images/boxes-v2/green-bl.gif
MISSING	boxes-v2/green-br.gif	0	-	20061111152513	boxes.css	http://images.habbohotel.com/web/web-1.0.1_b39/images/boxes-v2/green-br.gif
MISSING	boxes-v2/green-darker-tl.gif	0	-	20061111152513	boxes.css	http://images.habbohotel.com/web/web-1.0.1_b39/images/boxes-v2/green-darker-tl.gif
MISSING	boxes-v2/green-darker-tr.gif	0	-	20061111152513	boxes.css	http://images.habbohotel.com/web/web-1.0.1_b39/images/boxes-v2/green-darker-tr.gif
PRESENT	boxes-v2/green-darkest-tl.gif	102	gif	20061111152513	boxes.css	http://images.habbohotel.com/web/web-1.0.1_b39/images/boxes-v2/green-darkest-tl.gif
MISSING	boxes-v2/green-darkest-tr.gif	0	-	20061111152513	boxes.css	http://images.habbohotel.com/web/web-1.0.1_b39/images/boxes-v2/green-darkest-tr.gif
MISSING	boxes-v2/green-light-tl.gif	0	-	20061111152513	boxes.css	http://images.habbohotel.com/web/web-1.0.1_b39/images/boxes-v2/green-light-tl.gif
PRESENT	boxes-v2/green-light-tr.gif	461	gif	20061111152513	boxes.css	http://images.habbohotel.com/web/web-1.0.1_b39/images/boxes-v2/green-light-tr.gif
PRESENT	boxes-v2/light-bl.gif	51	gif	20061111152513	boxes.css	http://images.habbohotel.com/web/web-1.0.1_b39/images/boxes-v2/light-bl.gif
MISSING	boxes-v2/light-br.gif	0	-	20061111152513	boxes.css	http://images.habbohotel.com/web/web-1.0.1_b39/images/boxes-v2/light-br.gif
MISSING	boxes-v2/red-bl.gif	0	-	20061111152513	boxes.css	http://images.habbohotel.com/web/web-1.0.1_b39/images/boxes-v2/red-bl.gif
PRESENT	boxes-v2/red-br.gif	108	gif	20061111152513	boxes.css	http://images.habbohotel.com/web/web-1.0.1_b39/images/boxes-v2/red-br.gif
MISSING	boxes-v2/red-darker-tl.gif	0	-	20061111152513	boxes.css	http://images.habbohotel.com/web/web-1.0.1_b39/images/boxes-v2/red-darker-tl.gif
PRESENT	boxes-v2/red-darker-tr.gif	461	gif	20061111152513	boxes.css	http://images.habbohotel.com/web/web-1.0.1_b39/images/boxes-v2/red-darker-tr.gif
PRESENT	boxes-v2/red-darkest-tl.gif	102	gif	20061111152513	boxes.css	http://images.habbohotel.com/web/web-1.0.1_b39/images/boxes-v2/red-darkest-tl.gif
PRESENT	boxes-v2/red-darkest-tr.gif	461	gif	20061111152513	boxes.css	http://images.habbohotel.com/web/web-1.0.1_b39/images/boxes-v2/red-darkest-tr.gif
MISSING	boxes-v2/red-light-tl.gif	0	-	20061111152513	boxes.css	http://images.habbohotel.com/web/web-1.0.1_b39/images/boxes-v2/red-light-tl.gif
MISSING	boxes-v2/red-light-tr.gif	0	-	20061111152513	boxes.css	http://images.habbohotel.com/web/web-1.0.1_b39/images/boxes-v2/red-light-tr.gif
PRESENT	boxes-v2/snow-darker-bl.gif	48	gif	20061111152513	boxes.css	http://images.habbohotel.com/web/web-1.0.1_b39/images/boxes-v2/snow-darker-bl.gif
PRESENT	boxes-v2/snow-darker-br.gif	49	gif	20061111152513	boxes.css	http://images.habbohotel.com/web/web-1.0.1_b39/images/boxes-v2/snow-darker-br.gif
PRESENT	boxes-v2/snow-darker-tl.gif	102	gif	20061111152513	boxes.css	http://images.habbohotel.com/web/web-1.0.1_b39/images/boxes-v2/snow-darker-tl.gif
MISSING	boxes-v2/snow-darker-tr.gif	0	-	20061111152513	boxes.css	http://images.habbohotel.com/web/web-1.0.1_b39/images/boxes-v2/snow-darker-tr.gif
MISSING	boxes-v2/snow-darkest-bl.gif	0	-	20061111152513	boxes.css	http://images.habbohotel.com/web/web-1.0.1_b39/images/boxes-v2/snow-darkest-bl.gif
PRESENT	boxes-v2/snow-darkest-br.gif	49	gif	20061111152513	boxes.css	http://images.habbohotel.com/web/web-1.0.1_b39/images/boxes-v2/snow-darkest-br.gif
MISSING	boxes-v2/snow-darkest-tl.gif	0	-	20061111152513	boxes.css	http://images.habbohotel.com/web/web-1.0.1_b39/images/boxes-v2/snow-darkest-tl.gif
MISSING	boxes-v2/snow-darkest-tr.gif	0	-	20061111152513	boxes.css	http://images.habbohotel.com/web/web-1.0.1_b39/images/boxes-v2/snow-darkest-tr.gif
PRESENT	boxes-v2/snow-light-bl.gif	48	gif	20061111152513	boxes.css	http://images.habbohotel.com/web/web-1.0.1_b39/images/boxes-v2/snow-light-bl.gif
MISSING	boxes-v2/snow-light-br.gif	0	-	20061111152513	boxes.css	http://images.habbohotel.com/web/web-1.0.1_b39/images/boxes-v2/snow-light-br.gif
PRESENT	boxes-v2/snow-light-tl.gif	102	gif	20061111152513	boxes.css	http://images.habbohotel.com/web/web-1.0.1_b39/images/boxes-v2/snow-light-tl.gif
PRESENT	boxes-v2/snow-light-tr.gif	1368	gif	20061111152513	boxes.css	http://images.habbohotel.com/web/web-1.0.1_b39/images/boxes-v2/snow-light-tr.gif
MISSING	boxes/content_box_200_btm.gif	0	-	20061026230011	style.css	http://images.habbohotel.com/web/web-1.0.1_b39/images/boxes/content_box_200_btm.gif
PRESENT	boxes/content_box_200_mid.gif	62	gif	20061026230011	style.css	http://images.habbohotel.com/web/web-1.0.1_b39/images/boxes/content_box_200_mid.gif
PRESENT	boxes/content_box_200_top.gif	230	gif	20061026230011	style.css	http://images.habbohotel.com/web/web-1.0.1_b39/images/boxes/content_box_200_top.gif
MISSING	boxes/content_box_213_btm.gif	0	-	20061026230011	style.css	http://images.habbohotel.com/web/web-1.0.1_b39/images/boxes/content_box_213_btm.gif
MISSING	boxes/content_box_213_mid.gif	0	-	20061026230011	style.css	http://images.habbohotel.com/web/web-1.0.1_b39/images/boxes/content_box_213_mid.gif
MISSING	boxes/content_box_213_top.gif	0	-	20061026230011	style.css	http://images.habbohotel.com/web/web-1.0.1_b39/images/boxes/content_box_213_top.gif
MISSING	boxes/content_box_308_btm.gif	0	-	20061026230011	style.css	http://images.habbohotel.com/web/web-1.0.1_b39/images/boxes/content_box_308_btm.gif
MISSING	boxes/content_box_308_mid.gif	0	-	20061026230011	style.css	http://images.habbohotel.com/web/web-1.0.1_b39/images/boxes/content_box_308_mid.gif
MISSING	boxes/content_box_308_top.gif	0	-	20061026230011	style.css	http://images.habbohotel.com/web/web-1.0.1_b39/images/boxes/content_box_308_top.gif
MISSING	boxes/content_box_334_btm.gif	0	-	20061026230011	style.css	http://images.habbohotel.com/web/web-1.0.1_b39/images/boxes/content_box_334_btm.gif
MISSING	boxes/content_box_334_mid.gif	0	-	20061026230011	style.css	http://images.habbohotel.com/web/web-1.0.1_b39/images/boxes/content_box_334_mid.gif
MISSING	boxes/content_box_334_top.gif	0	-	20061026230011	style.css	http://images.habbohotel.com/web/web-1.0.1_b39/images/boxes/content_box_334_top.gif
MISSING	boxes/content_box_429_btm.gif	0	-	20061026230011	style.css	http://images.habbohotel.com/web/web-1.0.1_b39/images/boxes/content_box_429_btm.gif
MISSING	boxes/content_box_429_mid.gif	0	-	20061026230011	style.css	http://images.habbohotel.com/web/web-1.0.1_b39/images/boxes/content_box_429_mid.gif
MISSING	boxes/content_box_429_top.gif	0	-	20061026230011	style.css	http://images.habbohotel.com/web/web-1.0.1_b39/images/boxes/content_box_429_top.gif
MISSING	boxes/content_box_537_btm.gif	0	-	20061026230011	style.css	http://images.habbohotel.com/web/web-1.0.1_b39/images/boxes/content_box_537_btm.gif
PRESENT	boxes/content_box_537_mid.gif	72	gif	20061026230011	style.css	http://images.habbohotel.com/web/web-1.0.1_b39/images/boxes/content_box_537_mid.gif
MISSING	boxes/content_box_537_top.gif	0	-	20061026230011	style.css	http://images.habbohotel.com/web/web-1.0.1_b39/images/boxes/content_box_537_top.gif
MISSING	boxes/content_box_740_btm.gif	0	-	20061026230011	style.css	http://images.habbohotel.com/web/web-1.0.1_b39/images/boxes/content_box_740_btm.gif
MISSING	boxes/content_box_740_mid.gif	0	-	20061026230011	style.css	http://images.habbohotel.com/web/web-1.0.1_b39/images/boxes/content_box_740_mid.gif
MISSING	boxes/content_box_740_top.gif	0	-	20061026230011	style.css	http://images.habbohotel.com/web/web-1.0.1_b39/images/boxes/content_box_740_top.gif
MISSING	boxes/hh_china_choose_box_btm.gif	0	-	20061026230011	style.css	http://images.habbohotel.com/web/web-1.0.1_b39/images/boxes/hh_china_choose_box_btm.gif
MISSING	boxes/hh_china_choose_box_mid.gif	0	-	20061026230011	style.css	http://images.habbohotel.com/web/web-1.0.1_b39/images/boxes/hh_china_choose_box_mid.gif
MISSING	boxes/hh_china_choose_box_top.gif	0	-	20061026230011	style.css	http://images.habbohotel.com/web/web-1.0.1_b39/images/boxes/hh_china_choose_box_top.gif
MISSING	china_hotels/hh_china_choose_gobutton.gif	0	-	20061026230011	style.css	http://images.habbohotel.com/web/web-1.0.1_b39/images/china_hotels/hh_china_choose_gobutton.gif
MISSING	content_bkg/content_headline_bar.gif	0	-	20061026230011	style.css	http://images.habbohotel.com/web/web-1.0.1_b39/images/content_bkg/content_headline_bar.gif
MISSING	content_bkg/content_legal_bottom.gif	0	-	20061026230011	style.css	http://images.habbohotel.com/web/web-1.0.1_b39/images/content_bkg/content_legal_bottom.gif
MISSING	content_bkg/content_legal_mid.gif	0	-	20061026230011	style.css	http://images.habbohotel.com/web/web-1.0.1_b39/images/content_bkg/content_legal_mid.gif
MISSING	content_bkg/content_legal_top.gif	0	-	20061026230011	style.css	http://images.habbohotel.com/web/web-1.0.1_b39/images/content_bkg/content_legal_top.gif
PRESENT	content_bkg/content_mid.gif	82	gif	20061026230011	style.css	http://images.habbohotel.com/web/web-1.0.1_b39/images/content_bkg/content_mid.gif
MISSING	logos/logo_uk.gif	0	-	20061026230011	style.css	http://images.habbohotel.com/web/web-1.0.1_b39/images/logos/logo_uk.gif
MISSING	nav/enterHH.gif	0	-	20061026230011	style.css	http://images.habbohotel.com/web/web-1.0.1_b39/images/nav/enterHH.gif
MISSING	nav/top_bar_bg-1.gif	0	-	20061026230011	style.css	http://images.habbohotel.com/web/web-1.0.1_b39/images/nav/top_bar_bg-1.gif
MISSING	navi/navi_bar_end_left.gif	0	-	20061026230011	style.css	http://images.habbohotel.com/web/web-1.0.1_b39/images/navi/navi_bar_end_left.gif
MISSING	navi/navi_bar_slice_btm.gif	0	-	20061026230011	style.css	http://images.habbohotel.com/web/web-1.0.1_b39/images/navi/navi_bar_slice_btm.gif
MISSING	navi/navi_bar_slice_top.gif	0	-	20061026230011	style.css	http://images.habbohotel.com/web/web-1.0.1_b39/images/navi/navi_bar_slice_top.gif
MISSING	navi/tab_act_end.gif	0	-	20061026230011	style.css	http://images.habbohotel.com/web/web-1.0.1_b39/images/navi/tab_act_end.gif
MISSING	navi/tab_act_left.gif	0	-	20061026230011	style.css	http://images.habbohotel.com/web/web-1.0.1_b39/images/navi/tab_act_left.gif
PRESENT	navi/tab_act_mid.gif	55	gif	20061026230011	style.css	http://images.habbohotel.com/web/web-1.0.1_b39/images/navi/tab_act_mid.gif
MISSING	navi/tab_act_right.gif	0	-	20061026230011	style.css	http://images.habbohotel.com/web/web-1.0.1_b39/images/navi/tab_act_right.gif
MISSING	navi/tab_end.gif	0	-	20061026230011	style.css	http://images.habbohotel.com/web/web-1.0.1_b39/images/navi/tab_end.gif
PRESENT	navi/tab_left.gif	109	gif	20061026230011	style.css	http://images.habbohotel.com/web/web-1.0.1_b39/images/navi/tab_left.gif
MISSING	navi/tab_mid.gif	0	-	20061026230011	style.css	http://images.habbohotel.com/web/web-1.0.1_b39/images/navi/tab_mid.gif
MISSING	navi/tab_right.gif	0	-	20061026230011	style.css	http://images.habbohotel.com/web/web-1.0.1_b39/images/navi/tab_right.gif
MISSING	popup/popup_habbocount_bg.gif	0	-	20061026230011	style.css	http://images.habbohotel.com/web/web-1.0.1_b39/images/popup/popup_habbocount_bg.gif
MISSING	popup/popup_topbar_slice.gif	0	-	20061026230011	style.css	http://images.habbohotel.com/web/web-1.0.1_b39/images/popup/popup_topbar_slice.gif
MISSING	portlet_background_210x1.gif	0	-	20061026230011	style.css	http://images.habbohotel.com/web/web-1.0.1_b39/images/portlet_background_210x1.gif
MISSING	portlet_background_532x1.gif	0	-	20061026230011	style.css	http://images.habbohotel.com/web/web-1.0.1_b39/images/portlet_background_532x1.gif
MISSING	portlet_bottom_210x8.gif	0	-	20061026230011	style.css	http://images.habbohotel.com/web/web-1.0.1_b39/images/portlet_bottom_210x8.gif
MISSING	portlet_bottom_532x8.gif	0	-	20061026230011	style.css	http://images.habbohotel.com/web/web-1.0.1_b39/images/portlet_bottom_532x8.gif
MISSING	portlet_top_210x25.gif	0	-	20061026230011	style.css	http://images.habbohotel.com/web/web-1.0.1_b39/images/portlet_top_210x25.gif
MISSING	portlet_top_532x25.gif	0	-	20061026230011	style.css	http://images.habbohotel.com/web/web-1.0.1_b39/images/portlet_top_532x25.gif
MISSING	process/content_legal_btm.gif	0	-	20061026230011	style.css	http://images.habbohotel.com/web/web-1.0.1_b39/images/process/content_legal_btm.gif
MISSING	process/content_legal_mid.gif	0	-	20061026230011	style.css	http://images.habbohotel.com/web/web-1.0.1_b39/images/process/content_legal_mid.gif
MISSING	process/content_legal_top.gif	0	-	20061026230011	style.css	http://images.habbohotel.com/web/web-1.0.1_b39/images/process/content_legal_top.gif
MISSING	promo_area/news_box.gif	0	-	20061026230011	style.css	http://images.habbohotel.com/web/web-1.0.1_b39/images/promo_area/news_box.gif
MISSING	promo_area/promo_footer.gif	0	-	20061026230011	style.css	http://images.habbohotel.com/web/web-1.0.1_b39/images/promo_area/promo_footer.gif
MISSING	promo_area/promo_header.gif	0	-	20061026230011	style.css	http://images.habbohotel.com/web/web-1.0.1_b39/images/promo_area/promo_header.gif
MISSING	promo_area/promo_link_btn.gif	0	-	20061026230011	style.css	http://images.habbohotel.com/web/web-1.0.1_b39/images/promo_area/promo_link_btn.gif
MISSING	top_bar/hh_china_choose_topbg.gif	0	-	20061026230011	style.css	http://images.habbohotel.com/web/web-1.0.1_b39/images/top_bar/hh_china_choose_topbg.gif
MISSING	top_bar/toolbar_bg.gif	0	-	20061026230011	style.css	http://images.habbohotel.com/web/web-1.0.1_b39/images/top_bar/toolbar_bg.gif
MISSING	top_bar/toolbar_habbos_bg.gif	0	-	20061026230011	style.css	http://images.habbohotel.com/web/web-1.0.1_b39/images/top_bar/toolbar_habbos_bg.gif
MISSING	top_bar/topbar_bg_uk_01.gif	0	-	20061026230011	style.css	http://images.habbohotel.com/web/web-1.0.1_b39/images/top_bar/topbar_bg_uk_01.gif
